hex9,value
89196b84a43ffff,6090.632288521607
89196bb09a7ffff,266637.51298104844
89196bba427ffff,87868.55304519033
89196bbb4b3ffff,30551.830286347285
89196ba3597ffff,100900.02183476974
89196bb52cfffff,194784.38166199173
89196bb093bffff,194302.93331076455
89196bb10c3ffff,3674.608331889931
89196b85a8bffff,145422.3806139166
89196b842b7ffff,156658.1082398654
89196bb5e6fffff,151196.63977440252
89196b84157ffff,35529.3264394814
89196ba2cafffff,51394.0665212804
8919694f367ffff,266763.48449243326
89196b84bafffff,160070.86714205527
89196bb509bffff,197410.33777755278
89196bbadb7ffff,266502.3689777356
89196948257ffff,23103.921608045704
89196bb1ea3ffff,266556.00654258457
89196bb308fffff,1143.3209111439933
89196ba2dcfffff,119107.21955682739
89196b85a6fffff,79906.84295916255
89196bb532fffff,143320.05424900132
8919694acb7ffff,82218.12423000758
891969695b3ffff,57822.190728260604
8919694134fffff,2043.4771038663255
89196b843c7ffff,164637.5329383684
89196bb1407ffff,97820.84606918084
89196bb096bffff,267057.21523881424
89196b84213ffff,38272.05260589456
89196bb29a7ffff,6805.730872440094
89196bbad9bffff,102.48857944142333
89196bb1e13ffff,170417.2120417408
89196bb548bffff,260085.58002552864
89196bb5e27ffff,235670.7371175998
89196b85a13ffff,10909.237663148277
89196b8400bffff,120458.58584432941
89196bb636fffff,11179.44166360786
89196bb710bffff,159057.0048569326
89196949193ffff,98587.22459540023
89196b85b6bffff,265776.4450128273
89196ba0007ffff,4149.79270759485
89196949523ffff,112398.0238694234
89196bb22cfffff,4898.984543529821
89196bb182bffff,35343.64692389274
89196b84b33ffff,535.962341637609
89196968663ffff,38592.53823125534
89196b84233ffff,205837.52885103988
89196968247ffff,77707.3001841827
89196ba1177ffff,201246.92047598877
89196bbb583ffff,123351.253741042
8919696962bffff,141943.95437402846
89196bb5a83ffff,43402.25390575413
89196bb1e9bffff,4016.4452407792082
89196b859bbffff,265853.5930749497
89196bb5103ffff,68125.71289865563
89196bbb497ffff,265707.40384442575
89196ba0eb3ffff,40090.71527735781
89196bba58bffff,220418.25300571896
89196bb9637ffff,8720.183860565601
89196bb52c3ffff,57807.359823756
89196bb208bffff,68706.04032786995
89196ba0237ffff,172256.1889806793
89196bba487ffff,175344.11897044434
89196b85a83ffff,180906.72710427365
89196b843cfffff,175444.69761368565
89196ba2d83ffff,267401.1628001826
89196bb7373ffff,200784.8158792489
89196ba0a1bffff,157052.81825734462
89196b84b53ffff,265986.80010075227
89196bb1837ffff,261472.3904556284
89196b8418bffff,228016.6013672875
89196bba5cbffff,1703.6339134994214
89196bb735bffff,97353.97640217646
89196bb1e47ffff,266500.729486688
89196bb012fffff,36659.9871797523
89196bb8a9bffff,105807.55764014064
89196bb508fffff,208447.23140523376
89196bb726bffff,267119.7244224638
89196bbac13ffff,146650.09005478988
89196bbaddbffff,1544.464689552477
89196bb4b87ffff,243590.7594711002
89196bb165bffff,261006.26994894128
89196bb0963ffff,115295.89734918097
89196ba0e13ffff,10326.54821931212
89196bb9043ffff,257211.80686495773
89196bb1e73ffff,266520.25238929153
89196bb5127ffff,259493.28442670533
89196bb201bffff,68263.69984883565
89196bb5acfffff,228947.6704723271
89196bb096fffff,11970.726324643934
89196bb31abffff,46134.043960745155
89196ba2d77ffff,154351.28670582606
89196b841cfffff,265711.0508190576
89196bb1087ffff,27321.842511271367
8919694952bffff,65728.98681355084
89196b85a73ffff,23572.77289208021
89196bbadb3ffff,226430.34695649752
89196b85a23ffff,66089.57724571347
8919694b277ffff,219401.00770908786
89196bb3553ffff,171274.51770896645
89196bb5497ffff,43119.08756624371
89196bb18d3ffff,34090.277721294224
89196bb092bffff,244600.58384096497
89196bb30b7ffff,266268.10658661
89196bba647ffff,192670.9213827054
89196bb2933ffff,78686.94556798218
8919694a92fffff,2197.2576695105336
89196bbad97ffff,6041.256062733044
89196941363ffff,117189.07409714413
89196ba2c3bffff,169801.18628070154
89196ba2ca7ffff,172691.8156918858
89196bb31dbffff,133876.8473507747
89196ba0aa3ffff,166272.23670672154
89196bbac33ffff,209081.14783464902
89196bad68bffff,4163.4419236286085
89196bb1e57ffff,194638.0137823911
89196ba0c4bffff,49789.292564712116
89196bb8e67ffff,4661.500252764048
89196b84ab7ffff,105201.23839977376
89196b859abffff,154724.71297025366
89196bb4bd7ffff,267794.88672613935
89196949493ffff,193972.45375879618
89196b85a63ffff,80281.57777320402
89196b85c97ffff,39626.02097574301
89196bb52cbffff,15548.881582075719
89196ba0267ffff,13713.909003869092
8919696827bffff,255259.08946986852
89196bbb423ffff,243639.15767860095
89196bbb487ffff,265717.9583620869
89196ba2d27ffff,2945.896455669974
89196bb1e17ffff,266527.54590847576
89196ba11afffff,267010.481162962
89196bb4547ffff,214342.85572014758
89196bb711bffff,267296.03919323836
89196ba02afffff,101872.35438098613
89196bbacafffff,73131.03619139084
89196b84bcbffff,265976.2205439096
89196bb4557ffff,208211.85401065456
89196bbb593ffff,265824.38088332297
89196b85b2fffff,130272.46709829748
8919694d597ffff,27226.57478310178
89196ba0ecbffff,65641.81301238181
89196ba2983ffff,5946.473430804905
89196b8486bffff,116352.00122624192
89196bb56d3ffff,67404.44230313353
89196bb9da3ffff,10594.571014891853
89196bb1ea7ffff,103840.61749621411
89196bb737bffff,32441.518594988305
89196bb350bffff,109027.41519904372
89196bb182fffff,73939.6345276154
89196bb458fffff,267587.6333333126
89196bb450fffff,148366.50200973568
89196b85917ffff,205697.94272729644
89196bb4bc7ffff,63996.19162486742
89196bb718bffff,105110.11028027529
89196ba2a4fffff,128447.94088550296
89196b84bd3ffff,119165.92842710015
89196bb7113ffff,124294.85529353083
89196bb1eabffff,266547.06958764646
89196bb722bffff,61977.5244624701
89196bbac07ffff,158963.59723639456
89196b84b57ffff,101281.3223499499
89196bb1c6bffff,115952.80623057082
89196b8404bffff,4032.5517270779496
89196bb30bbffff,192776.7678255736
89196bb549bffff,180410.60541238994
89196ba2673ffff,113890.51446077132
89196bba497ffff,212496.28388134664
89196b843cbffff,263787.55530151236
89196bba4d7ffff,139588.0032038648
89196bb730fffff,74462.90204350448
89196ba0543ffff,903.3261571771794
89196bb9623ffff,95636.02879595806
891969482cfffff,6084.738373021885
89196bad68fffff,267119.6659460061
89196bb222fffff,191405.24343442929
8919696866fffff,63466.81116394863
89196bb30b3ffff,264765.4461761217
89196b842afffff,125806.23591352058
89196b841c7ffff,232270.10725500202
89196b85a0fffff,136715.23005673435
8919694136bffff,10714.29315271374
89196bb4a8fffff,36530.28830133303
89196bbb4a7ffff,247934.89349448515
89196bb09b3ffff,81444.21043863508
89196bb458bffff,267568.074120153
89196bb2c0bffff,41870.65943533814
89196bb1433ffff,116755.81316053196
89196bb7157ffff,267287.12321305566
89196b85b4bffff,262668.8161823708
89196bb4bbbffff,251548.3752072336
89196bb1e33ffff,201039.75911484903
89196b84063ffff,252105.72863567882
8919694949bffff,95529.53390761721
89196b84223ffff,242272.1473648299
89196bb5cc3ffff,24450.81125404431
89196bb510fffff,59217.86991254266
8919696962fffff,1455.9864503149806
89196bb1823ffff,266704.93290494866
89196bb513bffff,91408.32859831941
89196bb142fffff,266293.9489998732
89196bb29bbffff,2.3888143794846086
89196b85ab3ffff,385.3729660039104
89196949537ffff,824.7716767193792
89196ba000bffff,72344.93231236594
89196ba0ac7ffff,167026.3975172076
89196bb1e2fffff,63525.46533331659
89196bba55bffff,166871.29137563083
89196bb4867ffff,100044.0002605149
89196bb318bffff,58370.191939180135
89196bb1e2bffff,266559.30032467947
89196bb09abffff,262722.6529141121
89196ba055bffff,92783.52697834358
89196bb2cd7ffff,74987.0467564357
89196bb5e6bffff,31564.30037788622
8919694f683ffff,10572.744004928703
89196bb4a8bffff,6035.509410711918
89196bb4503ffff,267589.35699521186
89196b84b43ffff,89399.40942871233
891969682d3ffff,3757.0674770614005
89196968263ffff,94853.21820849631
89196ba0337ffff,150567.98925650612
89196bb35cfffff,146275.51653055975
89196bb2c2bffff,28339.815828306913
89196bb20dbffff,91.00569841992198
89196bb8a83ffff,104953.24254444707
89196ba74abffff,259934.6318317293
89196ba0433ffff,37796.145426617266
89196bb4823ffff,1238.8410081031486
89196b841d7ffff,253121.16863534186
89196bb20d7ffff,17256.75325599883
89196bb1643ffff,140819.27560985746
89196bb20c7ffff,266272.3436812165
89196bb5477ffff,117574.34864996836
89196bb5e3bffff,41741.1855083308
89196bb702fffff,1748.963422221006
89196ba0427ffff,214471.7930315019
89196bb0937ffff,3743.2670539987184
89196b8456fffff,49539.22087365118
89196b842abffff,265579.6581951127
8919694b273ffff,15246.767211603976
89196ba1173ffff,113108.98077607466
8919694da6bffff,88.04494027474206
89196bb4807ffff,139638.31816114104
89196bb20cfffff,98290.42558180577
89196bb235bffff,266500.5808982962
89196ba28b7ffff,906.7209688983853
89196ba2d97ffff,210218.7117035598
89196b8418fffff,103736.42134379677
89196ba0acfffff,198680.10280069074
89196b84ba7ffff,105092.66684015321
89196b84073ffff,264392.8467797942
89196bb8e6bffff,127032.87726865841
89196bba513ffff,205501.49335649714
89196969677ffff,220512.18564049498
89196ba2c2bffff,100175.01794287497
89196bb5e23ffff,129893.98237370403
89196bb5a13ffff,32064.51575136266
89196bb1467ffff,253259.00096092612
89196bb726fffff,267139.2684556803
891969691b3ffff,39433.221782572364
8919694f377ffff,192322.1733920629
89196b85a07ffff,8790.34454348293
89196bb5cdbffff,116753.223863433
89196bb1e4fffff,266491.78856668284
89196bbad03ffff,84923.79331275707
89196bb0e93ffff,179207.38795454724
89196b84bc7ffff,102438.14844774816
89196bb7347ffff,219617.6646679726
89196ba05cbffff,105672.04272904535
89196bb5c53ffff,80352.38577914174
89196bb8ab3ffff,17182.99159172806
891969695a3ffff,268323.8337206915
89196b84287ffff,43823.28561374764
89196b8407bffff,74885.05157643408
89196ba11a3ffff,38610.87148229871
89196ba026fffff,172052.35261290625
89196ba2ca3ffff,1065.5492606074897
89196bb1c6fffff,8726.628355510771
89196bb45c7ffff,236293.30102426757
89196bb30a3ffff,205861.38054963644
89196bb545bffff,88649.20269188273
89196b84227ffff,256040.53148706647
89196bb480bffff,267866.2785807152
89196ba0adbffff,3575.2954804497213
89196bb29abffff,185944.0215446374
89196bb9db7ffff,88162.61045800612
89196b84237ffff,265609.72583984426
89196bb3563ffff,231235.36195692155
89196bba57bffff,18420.488615620532
89196ba358fffff,10865.23969009134
89196bb7147ffff,189263.1699848741
89196bbad1bffff,239438.46032175692
89196bb1673ffff,17026.192218531894
89196ba0ec7ffff,126048.50229361317
89196bb140fffff,150952.75200689567
89196b84a5bffff,10961.385158045821
89196bb4b97ffff,233999.81976615617
8919694b22fffff,28687.338229653804
89196bb5a97ffff,561.0699377413441
89196bb719bffff,220807.21394834836
89196b85a67ffff,241448.33594962576
89196ba0017ffff,176841.52684720082
89196ba0e97ffff,15830.836458069496
89196bb0117ffff,2530.2487192079275
8919694f6d3ffff,77364.72216260665
89196bbb4bbffff,110991.64975428075
89196bb0917ffff,11911.808015127806
89196bb4b83ffff,267937.31036763836
89196bb7267ffff,267148.19433708495
89196bb09b7ffff,267100.1810894278
89196bb542fffff,1603.5544134138577
89196bb904fffff,2828.2592973865
89196bb51bbffff,164004.01956298947
89196bb7247ffff,14959.45339145513
89196ba04a3ffff,6341.405796450493
89196bb5ccbffff,266289.22158460505
89196bb508bffff,137149.9405524685
89196bb734fffff,53440.93720775547
89196bb16c3ffff,29494.169569548125
89196bb4573ffff,107295.2989484388
89196bbb42fffff,2496.4354860367453
89196941323ffff,224242.94737171452
89196bb30a7ffff,259909.472718282
89196bbacabffff,199713.78394069412
89196ba7433ffff,2740.605050359515
89196bb2003ffff,843.7599627567213
89196bbad0bffff,64400.45619625467
89196bb527bffff,56673.692178011086
89196bb962bffff,48930.440690998585
89196bba557ffff,149483.32143002516
89196bb4507ffff,155466.62750316932
89196bb54d3ffff,218711.74037893474
89196bb5ad3ffff,21895.11954868552
89196bb357bffff,266277.00459999277
89196bbb587ffff,99642.61605852196
89196ba28abffff,135837.768816518
89196b8419bffff,2743.6883301521993
89196bbb4d7ffff,265659.81247353315
89196bba41bffff,19420.1961309907
89196b84a2bffff,180436.37131871984
89196ba29d3ffff,3400.533720947643
8919694a96fffff,144408.47377369195
89196bba5c7ffff,66660.5427528346
89196bb5257ffff,201372.99483963384
89196bb0527ffff,3210.700231745363
89196b8598fffff,265834.0948036845
89196bb29b3ffff,32410.73425270029
89196bb2353ffff,133547.77149104027
89196bbb5dbffff,156748.3453411928
89196ba2643ffff,232880.82090964995
89196bb092fffff,246389.34576236864
89196ba0553ffff,246567.60365140717
89196bb8a87ffff,140207.60066497076
89196ba2a57ffff,31600.589102303547
89196bb520fffff,45410.20485000766
89196bbb4d3ffff,17362.756816820456
89196bb3523ffff,3485.982778699865
89196b85b67ffff,263009.5514902946
89196bb318fffff,162281.86948930885
89196bba643ffff,265872.31963583996
89196bb1a9bffff,57205.17721991659
89196b84a4bffff,251560.26731145906
89196bb5acbffff,8795.46598479284
89196bb48afffff,130.6322183333461
89196bba403ffff,137488.8686113521
89196ba028fffff,108776.95878654152
89196bb8a93ffff,8019.290863508504
89196bb0123ffff,101800.74732368144
8919694f6d7ffff,17696.300666752402
89196bb0967ffff,16677.30989710095
8919694b267ffff,265220.7515967728
89196ba1107ffff,166080.06614936944
89196bb734bffff,253202.1118915715
89196b84b2bffff,16958.016904709584
89196b84a27ffff,265967.29720023734
89196ba084fffff,22144.504495065223
89196b8435bffff,236607.42181262054
89196ba1163ffff,12068.986599570686
891969691a7ffff,138953.19551027322
89196bbac8fffff,105205.70779407199
89196bba577ffff,11192.832492813719
89196bb3183ffff,238614.85825251634
89196bbb42bffff,38873.21060518654
89196ba0217ffff,219338.4841917635
89196bb71d3ffff,17566.61569095528
89196bb108bffff,258347.07625355548
89196bb4ba3ffff,8544.899081591047
89196ba0a8fffff,183313.40070052494
89196ba0ac3ffff,27564.440702901542
89196b843d7ffff,60811.14141280135
89196ba7407ffff,38757.349282173265
89196bb1ebbffff,266536.48260411626
89196b85b73ffff,10820.52038046092
89196ba0e83ffff,180993.95919006364
8919694aba3ffff,17339.739649677693
89196bba4b3ffff,35190.34403565848
89196bb4ab3ffff,90748.7926560546
89196bba483ffff,265960.0229783417
89196b85aabffff,4675.210155663028
89196bbad17ffff,80945.04500817199
89196b84067ffff,50902.903613161936
89196bb5e4fffff,7556.922434984129
89196b8487bffff,43.86628421626465
89196bad603ffff,64937.96633218224
89196b8406fffff,265636.4502030058
89196949497ffff,113202.00068127555
89196bb71cbffff,224883.91083696956
89196bb2ac3ffff,2673.285056837958
89196bb1423ffff,243701.38887711184
89196bb2253ffff,179544.046978219
89196bad6abffff,199898.12227776324
89196bb45d7ffff,175628.1868919914
89196bba653ffff,65248.68616757827
89196ba2d2fffff,3380.187268501127
89196bb4803ffff,239684.72261091747
89196bb09a3ffff,267091.25465174817
89196ba267bffff,210256.60478989693
89196bb5e43ffff,2547.5217987483284
89196ba2a47ffff,264607.8612541229
89196bb35cbffff,2599.032895426949
89196bb424bffff,66237.32898743078
89196b841c3ffff,265700.4611269861
89196bb2c13ffff,99978.07235695675
89196bb4517ffff,267598.27565321245
89196ba0047ffff,41053.757128681675
89196bba657ffff,37661.70810694109
89196bb5693ffff,115915.60013141012
8919694b22bffff,156055.12855347988
89196bb5473ffff,87426.51198761784
8919694132bffff,107338.40989011819
89196ba02bbffff,267043.30221424944
89196bb10c7ffff,10432.50018363988
89196ba0c4fffff,8830.025440904987
89196bb5177ffff,267421.82423727296
89196bb5117ffff,189972.63402329374
8919694d593ffff,224444.96363536944
89196bba597ffff,266105.48639791505
89196bb10bbffff,165934.53479728635
89196bb3197ffff,116368.85269335804
89196bb20c3ffff,193957.60469348571
89196bb5e2fffff,246985.18519905707
89196bb5e0fffff,5393.242647863983
89196bb4babffff,169719.52283581244
89196bb5e5bffff,1514.9276106999203
89196bb29b7ffff,232238.0507384818
89196bb2c3bffff,85612.0970844392
89196ba0303ffff,71995.5211826793
89196bb31d3ffff,262469.5214960724
89196bbada3ffff,39717.36106718691
89196bb09bbffff,44315.563584763506
8919694f32fffff,266238.63590257097
891969494d3ffff,4149.050438477059
89196b85b43ffff,142128.39306838872
89196bb1e6bffff,266521.8920709957
89196bbb4afffff,220297.8444139274
89196bb4817ffff,139554.38756166643
89196bbadbbffff,67437.30714381381
89196bb2cd3ffff,5452.217774995273
89196ba0a57ffff,29114.683960233408
89196bb094fffff,1145.6784313464707
89196bb5447ffff,83781.97561894462
89196bb5e7bffff,120617.87412053868
89196bb164bffff,266124.99449406075
89196bb1eafffff,81645.41053933863
89196bb54b3ffff,31138.811709995716
89196ba03cfffff,131666.71515160185
89196bb0907ffff,160423.46077918707
89196bb3567ffff,125500.85445158399
89196bb0bb3ffff,2357.980238980674
89196bb484bffff,230757.67709002443
89196bb58cfffff,174972.38445375592
89196bb7143ffff,195599.15158315824
89196bb0497ffff,7749.483473631682
89196bb5a93ffff,4097.185517657664
89196bb1e1bffff,172303.35343749332
89196bba51bffff,1197.3731409153038
89196bb495bffff,503.20605493099777
89196ba0a53ffff,7868.006099995791
89196bbad93ffff,19615.37421541036
89196bb5e73ffff,221715.4409485834
89196b8438bffff,475.0524690876646
89196bb4b93ffff,267926.68154473277
89196bb9057ffff,81701.53732380012
89196bb183bffff,38118.342127371034
89196bb0ba7ffff,101822.40750818257
89196bb5243ffff,31164.750130845016
89196bb52c7ffff,77122.77363027967
89196bbac17ffff,266328.32634608017
89196b841d3ffff,265689.8705779234
8919694d59bffff,99260.44025140656
89196bba493ffff,265949.447359993
89196bbb59bffff,61460.53556950047
89196bba413ffff,220157.28746139427
89196bbb413ffff,73061.40156983864
89196bb2a4bffff,175826.81726426887
89196bb4543ffff,7850.100000757684
89196bb4847ffff,245514.80690729874
89196bbb41bffff,891.9955898796285
89196bb7103ffff,4477.430791379404
89196941373ffff,41544.61540827835
89196ba0a97ffff,39493.24422866215
89196ba35afffff,22719.138008333815
8919694abb7ffff,39229.021386066604
89196b84ba3ffff,21275.013308523165
89196bb5167ffff,77893.90069673135
89196bb71d7ffff,130367.03686477804
89196bb1e3bffff,266548.7163896833
89196bb521bffff,250184.4989442642
89196b84b5bffff,138333.3464033927
89196bb5e47ffff,131571.56233605352
89196bb1e67ffff,266550.35863418924
89196ba2803ffff,54526.46654642877
89196bb155bffff,79809.2182341605
89196b8437bffff,162010.51158359644
89196b85b5bffff,212524.8965226927
89196ba264bffff,266819.7237269719
89196ba110bffff,15912.873967923191
89196bb4513ffff,267578.71599403874
89196b84bc3ffff,265985.1428354982
89196b85983ffff,265823.523217679
8919694b26bffff,56646.762399853134
89196bba64bffff,83803.94798160793
89196ba2817ffff,200831.79943860852
89196bb1e93ffff,34185.26265745459
89196bb54afffff,123457.44805242124
89196bb585bffff,186848.86120442004
89196b84bd7ffff,33421.30149463932
89196941e5bffff,17723.682297437324
8919694f693ffff,144930.39947521524
89196ba265bffff,23278.649736418847
89196bb9297ffff,35683.61931016072
89196bb2c03ffff,185599.37953942784
89196ba28bbffff,116256.94460010974
89196b842a7ffff,25111.411904719145
89196ba1c9bffff,362.5857996181485
8919694da4fffff,25513.68132102849
89196ba004fffff,21421.01913797557
89196bb731bffff,18321.910196022392
89196ba030bffff,80975.81323131296
89196bb5083ffff,267252.66941526846
89196bb71cfffff,267276.49026707537
89196bb16cbffff,207513.3743256413
89196ba0e9bffff,1812.5957368674547
89196969667ffff,180505.85900272918
89196b8599bffff,235155.4945432076
89196bba59bffff,17249.749660326583
89196ba2d13ffff,43729.24411004188
89196ba2893ffff,31045.986571020323
89196bb536bffff,12763.392232516177
89196ba236bffff,145283.88474168885
89196bb5a87ffff,19765.932139282588
89196bb351bffff,60896.25726060584
89196bb3193ffff,200847.92788340256
89196bb2343ffff,159449.2489977721
89196ba28afffff,67503.50486045328
89196ba2d8bffff,267392.2076419618
89196941327ffff,217546.99183373404
89196bad683ffff,84747.6346994269
8919694a92bffff,1866.4562713121968
89196b84a33ffff,2129.0743398029094
8919694f363ffff,207654.58980637934
89196bb518fffff,98560.16358554058
89196bb50bbffff,15209.599887206874
89196ba110fffff,236081.92386310257
89196bb5ac7ffff,183032.462204166
89196bb2adbffff,76662.63858755027
89196ba0013ffff,24829.84121756853
89196b84a23ffff,222475.3295256346
89196b84a6fffff,12882.939085260696
89196ba05d7ffff,12529.819385925342
89196bb9627ffff,64291.38050941942
89196b840a7ffff,48689.476879915965
89196bba5b7ffff,94671.28110145964
89196ba264fffff,266839.25872212235
89196ba05c3ffff,206199.23913966012
89196949527ffff,105672.94003364847
89196bbb4cbffff,111899.72947352883
89196bb1833ffff,175120.11668610375
89196bb1473ffff,13028.829777142975
89196bb19dbffff,43912.39733525943
891969482cbffff,72897.42734738658
89196b84bcfffff,249458.46351906122
89196bb0933ffff,267079.7777055477
89196bb356fffff,266307.13177298906
89196bba58fffff,76688.4702040786
8919694f36fffff,43690.59958211075
89196b84357ffff,186706.57227803473
89196ba35a7ffff,144180.99419564946
89196bba42fffff,1.1213822571242573
89196ba0357ffff,38228.83973232326
89196ba2a7bffff,207270.555001423
8919694f33bffff,106946.65025515587
89196bb1e83ffff,228368.51869055873
89196b85a17ffff,21325.609768624243
89196ba2c07ffff,4083.4397211610403
8919694b20fffff,152.97609109154595
89196b84b23ffff,92534.26475404334
89196bb5c5bffff,15175.79602376722
89196bb5a1bffff,358.57106613574354
89196bba407ffff,136131.62237253302
89196bbad53ffff,63821.95843199728
89196ba0e8bffff,185025.66554637195
89196ba2653ffff,90721.29799557182
89196bb450bffff,267580.4372614379
89196ba2813ffff,44025.18865726855
89196b84bdbffff,265965.6401214987
89196ba2c37ffff,150767.7229856803
89196bb2017ffff,2151.268906418633
89196ba0403ffff,5263.584733955646
89196bb354fffff,266257.492820131
89196bb5203ffff,28214.823122011316
89196bad6b3ffff,153505.80662556444
89196b84b37ffff,262286.694832184
89196ba1133ffff,267001.4875632856
89196bb5433ffff,213758.98306737363
89196b85913ffff,180762.22257568105
8919696966fffff,132796.31409431933
89196ba35b7ffff,266849.8393257588
89196bb48a3ffff,32753.694308781785
89196bb2357ffff,144783.2584915626
89196bbad83ffff,172071.7144131167
89196bb013bffff,76356.94444412613
89196b84353ffff,265639.79426017514
89196bbac37ffff,129463.16692085672
89196969cd3ffff,47213.82549150887
89196ba1123ffff,209572.4192373386
89196bb5417ffff,267199.59464009455
89196bb3187ffff,46068.575645924924
89196b8430bffff,60388.87923073617
8919696826fffff,44413.16627641499
89196bbb417ffff,61900.19677958384
89196ba1137ffff,191919.04125827452
89196ba35abffff,23803.00414994975
89196969673ffff,53049.413233128
89196bb45a3ffff,60583.13799798421
89196ba043bffff,38536.7461541098
89196bb2c07ffff,915.512638454227
89196bba517ffff,184755.7730928337
89196bb8e6fffff,125101.4575024567
89196bb9da7ffff,3242.0189289553527
89196ba0307ffff,81459.04842715291
89196b842b3ffff,262463.2147478872
89196bb548fffff,132066.37860085827
89196bb1e23ffff,266568.2409708842
89196ba2a63ffff,63609.462391252404
89196bb512fffff,206762.7085684471
89196bba583ffff,157573.46589832334
89196bbb48bffff,265689.52361074777
89196ba2ddbffff,267344.14348367153
89196bb5a8fffff,188098.32533468632
89196b85b63ffff,265372.520383791
89196ba042fffff,1281.2254181745338
89196ba033bffff,49311.46625409767
8919694b27bffff,524.124124405857
89196ba0333ffff,142934.8045299641
89196ba2d93ffff,250672.03372907158
89196bb7273ffff,28821.287363130272
89196bb2223ffff,48258.53896504144
89196ba28a3ffff,180610.5214254674
89196bb0923ffff,192869.6105084336
89196bb2a43ffff,17722.98655063524
89196ba2a4bffff,43357.30464349308
89196bb3117ffff,8427.733183798948
89196bb5e93ffff,66807.52011913218
89196bb142bffff,266274.4352576173
89196bb54bbffff,18179.168372224754
89196bb54dbffff,28187.931200829313
89196bb2013ffff,232755.97256188767
89196bb7027ffff,88320.81099375302
89196bb520bffff,221024.76549506863
891969682dbffff,12193.401655717254
89196bb5273ffff,212605.41115085364
89196bb1093ffff,266285.02727505594
89196ba0423ffff,102340.41894220254
89196bbb5d3ffff,253481.82019462474
89196ba74b7ffff,43164.906225375045
89196b84153ffff,101515.21924344465
89196bb45b3ffff,53266.05111883435
89196bb1e43ffff,193285.62302915225
89196ba0323ffff,2075.324910029155
89196bb5e67ffff,210181.68865417206
89196bb1eb3ffff,266545.41823657847
89196bb1a93ffff,80091.25613434384
89196bb30afffff,27523.33716746272
89196bba5abffff,49966.841114949595
89196941ecbffff,132568.2563914848
89196bb482bffff,40493.61503355179
89196969293ffff,1021.6601933518804
89196bb5403ffff,238535.0782617872
89196bb223bffff,85183.89644630744
89196bb5493ffff,61310.00519059014
8919694f32bffff,266772.34651630104
89196bb5247ffff,247377.0477274116
89196bb540bffff,40204.79691743655
89196bbb48fffff,159208.94182712288
89196ba2997ffff,111146.8510915261
89196bbb437ffff,219536.85044901242
89196b842a3ffff,212969.26426572338
89196bbb427ffff,2857.990920957296
89196bb225bffff,218828.90436226287
89196ba03cbffff,156739.59971019538
89196b859d7ffff,129765.46410480702
89196ba0a8bffff,37019.40575107547
89196b8434fffff,205056.43639689067
89196bb58cbffff,37177.125872358476
89196bba48bffff,265951.0951691435
8919694948bffff,404.01814587135294
89196ba1127ffff,7271.766951701972
8919696929bffff,6822.122909556422
89196b8422bffff,2495.7157819809745
89196bb2c73ffff,8791.005026917654
89196bb58c7ffff,23123.215823282913
89196bba5d7ffff,10753.736552854794
89196ba2a5bffff,25525.422610180598
89196bb1adbffff,218.6286589019606
8919694f337ffff,939.2534987265354
89196ba0207ffff,17033.841822927054
8919694b263ffff,211070.2155656986
89196bb40b7ffff,25793.32144472601
89196b8422fffff,9210.860631232641
89196bb5e63ffff,230093.93674855825
89196b843dbffff,13771.992426338336
89196b85a8fffff,264508.7826313824
89196bb10d3ffff,11327.38176175203
89196ba02b3ffff,148069.8296485331
89196bb354bffff,59341.42423325052
89196bba53bffff,5035.822618974436
89196bba417ffff,78347.6350947964
89196ba0e8fffff,157741.5897389673
8919694f327ffff,6764.749972621026
89196bb01b3ffff,135629.98175036334
89196bad687ffff,146220.72435211972
89196bb4b8fffff,267947.9383225533
89196b85a87ffff,91104.58707789099
89196bba573ffff,46194.77892651569
89196bba587ffff,266116.06563645793
89196bb1e63ffff,266530.8345657772
8919694aba7ffff,81510.53500758657
89196b859a3ffff,68551.5022445586
89196bb1647ffff,187403.31014414135
89196bb5857ffff,86220.91460456813
891969691a3ffff,169772.07467687657
89196bb4587ffff,61574.01124917195
89196b84a2fffff,265958.3728045861
89196bb5087ffff,57274.46540319464
89196bb4a87ffff,248457.5602789928
89196ba2d73ffff,19130.252843323964
89196bb5173ffff,12939.03629401567
8919694f333ffff,47444.2679620248
89196bbb4c7ffff,238073.20636132476
89196b8404fffff,77632.39936916746
89196b8406bffff,80089.01119914166
89196bb45abffff,126130.84526727599
89196ba2993ffff,5143.911769564355
89196bb1e07ffff,266538.13158093416
89196b8434bffff,204964.97577906307
891969691b7ffff,268407.2707066812
89196bb31c3ffff,61.58396111420562
89196bb5697ffff,82488.11055708266
89196bad6bbffff,267222.49784663355
89196bb3573ffff,184223.080503946
89196bba507ffff,127905.08237389015
89196bb1017ffff,42001.10846093201
89196ba004bffff,192941.0095088929
89196bb1c4bffff,150553.10915822777
8919694f69bffff,160975.9972608948
89196bb5137ffff,189298.03564982617
89196bb5ccfffff,16422.051799577603
8919694d26fffff,23283.168695570945
89196b84a67ffff,111661.0577107171
8919694c65bffff,37990.84377673177
89196ba04a7ffff,72531.74089348335
89196bb2c0fffff,208656.4745471831
89196ba0ad7ffff,44208.453791558866
89196b84077ffff,19232.112512828877
89196bb532bffff,48125.90827209509
89196bba5b3ffff,266135.57418588345
89196bb715bffff,178775.81202855788
89196949567ffff,64.44227502434643
89196ba05d3ffff,155652.11812582944
89196bad6a3ffff,240103.8388135956
89196ba0043ffff,189675.05520895275
89196ba112bffff,38044.11079748746
89196bba54fffff,9306.88659875083
89196ba0a13ffff,207503.88247133148
89196ba2c2fffff,64907.239276301894
89196ba260bffff,559.8062711661863
89196bb1e37ffff,80658.62276525947
8919694b26fffff,241663.7069498645
89196ba0aafffff,1384.9366108214278
89196bad6b7ffff,44936.00279941271
89196bba503ffff,190971.31368509788
89196bad617ffff,251401.05784617498
89196bba673ffff,72787.43261549094
89196ba030fffff,79995.90239279583
89196bb1eb7ffff,233320.07964954816
89196bb4b9bffff,267917.7373525057
89196bb4857ffff,120446.21545186357
89196bb4583ffff,64079.62000708924
89196bb5093ffff,134776.04397328803
89196b8428fffff,33910.14213302391
8919694f373ffff,645.3692199339246
89196ba2d9bffff,34469.76526575039
89196bb5a8bffff,190669.4916269463
8919694a96bffff,100708.4016459509
89196b8598bffff,265814.5972493936
89196bb16dbffff,241084.479172363
89196bb231bffff,2658.6776110901105
89196bbac03ffff,83960.544794749
89196bb29a3ffff,226075.10607237904
89196b84343ffff,265650.3726036127
89196bb40b3ffff,11640.121665058086
89196bb4843ffff,176154.195203848
89196bba543ffff,229641.42416112922
89196bbac87ffff,155.56692425685208
89196bb018fffff,54.2131024691898
89196bad6afffff,37028.41981140395
89196bb352fffff,72387.7259556698
89196bb4b13ffff,111263.39614155712
89196ba2dd7ffff,195470.73932220857
89196ba0353ffff,5864.870995571313
89196ba026bffff,53977.73706479557
89196bb5337ffff,84268.29059450972
89196b85a2fffff,261295.4308381637
89196bb5437ffff,33034.10915215983
89196bb4b8bffff,267928.3648558101
89196ba7417ffff,102357.52103624883
89196bb09afffff,157020.79160440274
89196bb451bffff,267569.797580136
89196bb1e77ffff,266539.77600431064
89196ba0a87ffff,214924.544496136
89196ba113bffff,266992.4929019736
89196b8456bffff,23027.59846285762
89196bb5a53ffff,191848.76334151663
89196bb3547ffff,266266.3895164292
89196b84a37ffff,250589.06833421663
89196bb7193ffff,7694.8747102572925
89196bbad13ffff,148703.035645007
89196b85b6fffff,93378.04934062553
89196b85a9bffff,86.77449713546483
89196ba02a3ffff,35203.299597092526
89196ba084bffff,161356.90552875202
89196bb481bffff,54775.39641269039
89196bb5e2bffff,258622.84268712677
89196ba11a7ffff,213812.53796776227
89196ba2a0bffff,8189.759703951366
89196ba2dc7ffff,236898.1794151229
89196b84037ffff,53886.71345921753
89196bb012bffff,135561.11267211032
89196bb581bffff,65624.18724592701
89196bb5123ffff,15715.545991812065
89196bb5187ffff,142072.9403122155
89196ba2dc3ffff,267363.69709928375
89196bb4bd3ffff,27790.724447515116
89196ba74a3ffff,257959.12352527777
89196969663ffff,182040.0007724937
89196bbb5c3ffff,49320.94703129734
89196bbb433ffff,193943.83924969073
89196bb1e7bffff,266511.3112136622
89196bbb457ffff,36581.471210827665
89196bb484fffff,178921.21887445234
89196b84347ffff,265669.8634562581
89196ba2a43ffff,251473.09933769115
89196bb3527ffff,107227.75098059812
89196bbadcbffff,192961.5167833141
89196bb29afffff,14420.493799416367
89196b8411bffff,30592.749446935763
89196bb54abffff,211159.78843916822
89196ba0233ffff,134757.86778332188
89196bb480fffff,84634.43919202982
89196bb512bffff,267421.2556660421
89196948253ffff,149311.74716123106
89196bb4a97ffff,34489.71394152062
89196bb01bbffff,227489.21936312533
89196bbb4cfffff,257521.29434002494
89196b85987ffff,265843.02103290893
89196bb4873ffff,30947.208306422846
89196b859b3ffff,243075.569196423
89196b84047ffff,44928.37587198337
89196bbacbbffff,99476.36912140093
89196bb0bb7ffff,212373.28739973053
89196bbadcfffff,124554.41379273697
89196ba2d6bffff,193110.09102530728
89196bb7153ffff,267267.57454848976
89196b84207ffff,122439.18310305165
89196ba2657ffff,108554.22885086644
89196ba2d53ffff,6059.881106304545
89196bb5e77ffff,260758.81835361972
89196bb1083ffff,266295.618431914
89196948243ffff,125592.2881574851
89196bb5367ffff,59666.7243053813
8919696866bffff,266381.23304303543
8919694132fffff,4142.378421385492
891969494d7ffff,84719.99934187214
89196bb1e0fffff,266529.19251088804
89196b84aa3ffff,77945.86486363088
89196ba2c33ffff,112531.93694842176
89196bb1477ffff,152178.24226888712
89196bba437ffff,2513.1524192640277
89196b84373ffff,63153.44360396791
89196bbad57ffff,113517.89788645405
89196b843d3ffff,40790.210565168076
89196b84217ffff,216789.50884964707
89196ba1cdbffff,202509.1218591277
89196bbb4b7ffff,37498.93891558919
89196bb45bbffff,267607.1932463354
89196bb146fffff,120837.27854045275
89196b84203ffff,5770.294993259293
89196bb459bffff,66584.77699870591
89196bb7343ffff,168087.43122884198
89196bba49bffff,265940.5208670537
89196bbb453ffff,106653.61037053834
89196bb293bffff,147273.7413702812
89196b842bbffff,265569.07820153906
891969695a7ffff,194161.77345849745
89196bba48fffff,166101.63508405205
89196bb730bffff,228646.94680734898
89196bb2977ffff,65815.76144739891
89196ba1cd3ffff,174076.7902812464
89196bb7277ffff,165761.07433826136
89196bb904bffff,39983.168812351265
89196b85b77ffff,125815.44549143818
89196bb16cfffff,18610.79648487085
89196bbac27ffff,8746.47548879659
89196ba031bffff,95970.35570581515
89196ba2d67ffff,92619.86873887613
89196941377ffff,205727.84738184334
89196941e53ffff,126636.4174204646
89196bb5113ffff,54615.74845574255
89196ba2d87ffff,33575.232781992934
8919696824fffff,76572.29195804714
89196bb5853ffff,267192.044184315
89196bba5a3ffff,108437.4577627043
89196bb7567ffff,31155.21630277986
89196bb10d7ffff,249388.7562125659
8919694137bffff,168380.7960869195
89196bb01a3ffff,49109.61167753637
89196bba4c7ffff,194954.55577002448
89196bb2257ffff,60008.581081866236
89196ba2d8fffff,83219.73876189462
89196bb31bbffff,253562.08079134935
89196ba0213ffff,30516.29560227791
89196bb164fffff,258492.75400196452
89196b84aafffff,94085.07226599246
89196bb7357ffff,185483.34285293473
89196bb1e03ffff,266518.6081564045
89196bb2227ffff,88127.83106853193
89196bb48abffff,181512.3739271498
89196b843c3ffff,194368.16566876392
89196bb3087ffff,22822.21417274537
89196bad613ffff,119090.26448830242
89196ba2d7bffff,1259.9379817913991
89196bb31a3ffff,108915.06324098885
89196bb1e87ffff,266525.8947439741
89196ba0557ffff,17201.273960465263
89196bb143bffff,266263.8423718142
89196bb482fffff,205491.20419568196
8919694133bffff,68786.6207177929
89196941337ffff,88448.7999051064
89196ba0aabffff,227.15920218537454
89196bb230bffff,8258.176082603019
89196bb2277ffff,38722.25961980478
89196bb1013ffff,23448.284016205114
89196bb494bffff,1013.3861693244659
89196bb8e63ffff,23.578089612999296
89196bb905bffff,258387.75323589524
89196b8400fffff,48692.72383697061
89196ba3587ffff,263031.82028945396
89196bbb597ffff,265843.8795655413
89196bb0187ffff,193893.28191289003
89196bba60bffff,29148.53453702631
89196bb486fffff,94822.56313845106
89196bbb4c3ffff,220781.38982376287
89196bb543bffff,267220.82716479455
89196bb54d7ffff,155428.477514162
89196bb7353ffff,87429.90315647222
89196bb1e27ffff,47043.93928149373
89196bb5843ffff,16167.70422726812
89196bba64fffff,16022.037939264965
89196ba2d63ffff,265159.362782506
89196bb356bffff,266287.61882595735
89196bb1c4fffff,49645.16919358546
89196bb7173ffff,9994.596788240979
89196ba2647ffff,265714.95384072163
89196b84aa7ffff,265955.0588453554
89196b84113ffff,159125.50799550622
89196ba0edbffff,41301.074872394835
89196b841dbffff,214677.62111099917
89196b85b47ffff,64861.80538086223
89196ba0287ffff,163421.17988066975
89196bb454fffff,183692.7116586201
89196bb4b17ffff,158579.49884031614
89196bb5ac3ffff,508.8603937385272
89196bb962fffff,245419.5705998307
89196bb1e8fffff,207665.5067041954
89196bb2c8bffff,2472.370549230539
89196ba0407ffff,127702.012742691
89196bb31d7ffff,100454.31107968981
8919694f323ffff,224935.94304352958
89196bb2a5bffff,72278.9087014478
89196b8423bffff,119177.54131930668
89196bb109bffff,266276.1044967886
89196bb208fffff,83648.84904315342
89196bb5407ffff,267210.21133692196
89196bb1e97ffff,89067.49207289735
89196bbb4abffff,6365.758435334148
89196bbb49bffff,265678.9708595992
89196b85a3bffff,174515.83153134145
89196ba05cfffff,188420.24221919014
89196bb3557ffff,266255.77357194794
89196bb54c7ffff,65354.99534413821
89196bbb4a3ffff,4.500027731131963
89196bb2243ffff,30119.406005902638
89196bb319bffff,259292.99952330405
89196b85abbffff,215569.38234055287
89196bb884bffff,25400.68978195
89196b85b4fffff,223507.75905919238
89196bbad87ffff,232401.92858563503
89196ba288fffff,29629.491949183717
89196bb51b3ffff,66795.34649826004
89196bb71c7ffff,267285.4049261778
89196b84b27ffff,266103.8325173942
89196ba0003ffff,163995.02035517953
89196bb167bffff,28343.545092035867
89196ba0abbffff,98031.09685538532
89196ba35a3ffff,203408.9636046819
89196bb1827ffff,113868.06935500914
89196ba0057ffff,156136.2209765931
89196bba50bffff,189432.54002621357
891969695b7ffff,201163.73771735956
89196bb5a5bffff,114618.76793646801
89196bba50fffff,201437.2677634141
89196b841cbffff,265691.5590457992
89196bb01abffff,247074.81687569327
89196bb1ad3ffff,53300.619925091836
89196bb727bffff,249995.5578212404
89196ba3517ffff,92077.66158073735
89196bb222bffff,154032.14938768785
89196bb18afffff,125685.91625246433
89196bb0e97ffff,2305.2554649928315
89196b85997ffff,256024.866602673
89196bb540fffff,267201.27992630267
89196ba28a7ffff,189943.63713219223
89196bbb493ffff,265687.91018539626
89196bb542bffff,105859.80730667265
89196bba547ffff,259323.35765096796
89196bbada7ffff,161203.3382172554
89196bb9053ffff,158777.5554531447
89196bb5333ffff,23382.95421432236
89196bb2c1bffff,97378.10338887335
89196bba553ffff,208200.94316932408
89196b85b27ffff,12275.524964163924
89196bba65bffff,246358.35023951734
89196ba2a6bffff,5276.43669765097
89196b84a4fffff,102738.64652327853
89196bb724fffff,90351.7353644441
89196bb45cfffff,35896.76097304853
89196bb234bffff,48901.52943445816
89196ba35bbffff,169886.37174781688
89196b85993ffff,135812.60510894094
89196bb5413ffff,267180.04829826194
89196bb2cc7ffff,126024.49887747527
89196bb1653ffff,197711.9672869646
89196bba4bbffff,140254.99922539477
89196bb4bb3ffff,5527.015708036135
8919696826bffff,268426.86102732446
89196bb2c77ffff,170284.81248137797
89196bb2acbffff,148188.024856551
89196ba02abffff,246806.00617936585
89196ba11abffff,107183.43735995324
89196bb1097ffff,205558.21520941745
89196bbad8fffff,147793.58616800912
89196ba35b3ffff,266830.30388844886
89196bba593ffff,93388.43727917939
89196bb5323ffff,176809.96954402537
89196bbb483ffff,265698.46425256866
89196968273ffff,200.4476170239907
89196bb5423ffff,57053.29539586257
89196ba74afffff,47412.336383495145
89196b84027ffff,162844.22621896485
89196b85cb7ffff,20759.795936672963
89196bb7263ffff,267128.65004765114
8919696867bffff,20937.479333470368
89196ba2c27ffff,153565.35021460577
89196bb5443ffff,106414.31757364137
89196ba0e87ffff,255086.2194863829
891969695bbffff,125322.47213191506
89196bb0107ffff,41200.066050562884
89196bb5163ffff,18071.451259284255
89196ba0acbffff,130721.82239070044
89196ba00bbffff,39947.34461850036
89196bb1427ffff,47444.94502229282
89196ba2dd3ffff,160652.6502677421
89196bb5a57ffff,4268.072410693806
89196ba3583ffff,25538.580115318553
89196bb0133ffff,177552.76130463256
89196bb8a97ffff,17808.301229440192
89196bb1e6fffff,64075.98443539761
89196ba03dbffff,7699.213103830377
89196bb5097ffff,85141.09031284884
89196b84b2fffff,212473.21261120215
89196ba2d6fffff,59660.2072549207
89196bb290fffff,48715.39940559359
89196bb3543ffff,217811.01123168456
89196bb71c3ffff,257415.21800119148
89196bb2907ffff,117124.8343523206
89196bb4bc3ffff,22608.36707743909
89196bb7183ffff,16941.656916907712
89196ba74a7ffff,81921.2115909797
89196bb71dbffff,30452.903204457365
89196bb2c7bffff,17705.81602801375
89196bba5bbffff,260567.60527655255
89196b85b7bffff,260047.5375158753
89196bb0e83ffff,168616.19361410697
89196bb1e4bffff,186934.9800204782
89196ba0ed7ffff,18158.308082158877
89196bb541bffff,18647.97589979794
89196b85a2bffff,265677.35525234183
89196b8415bffff,862.779869377973
89196ba2a73ffff,93897.9120383637
89196ba05c7ffff,35596.47030381138
89196b85a77ffff,265657.86276922305
89196ba04b7ffff,106149.38273863314
89196bb097bffff,156040.51023604785
89196bb1e0bffff,266509.6693484931
89196bbb43bffff,80545.12358237345
89196ba0ab3ffff,267399.92836338974
891969695afffff,113013.46644812549
89196ba0ec3ffff,144591.65957214593
89196bb108fffff,263842.3553455549
89196b85a27ffff,5177.030480847926
89196ba2dcbffff,267354.74006832857
89196bb2a53ffff,104226.50192852726
8919694952fffff,88037.75007326936
8919694f37bffff,3337.932881590137
891969695abffff,131558.73249186945
89196b859c7ffff,137114.29882350418
89196ba001bffff,99657.58180549913
89196bb18abffff,268.59890181154105
89196b85b2bffff,169953.2469070058
89196bb4a83ffff,170546.36082882702
89196ba2c23ffff,265768.3060045563
89196bb2c63ffff,77345.5172022736
89196ba74bbffff,70505.04752613071
89196ba266bffff,49839.01997023798
89196ba0ab7ffff,37343.73340972589
89196ba00abffff,100906.10382510282
89196b8439bffff,86774.5281041431
89196bb457bffff,62526.839087176035
89196bb9047ffff,45810.264132431876
